"co_pcdt","sg_procedimentoa","sg_procedimentob","qt_cns_paciente","sg_procedimentob2"
0,ALFA4000,CALC025,437,CALC025
0,ALFA4000,SACA1005,508,SACA1005
0,ALFA4000,SEVE800,73,SEVE800
0,CALC025,ALFA4000,160,ALFA4000
0,CALC025,SACA1005,329,SACA1005
0,CICLOSP25,CICLOSP50,74,CICLOSP50
0,FORM12,BUDE200,129,BUDE200
0,FORM12,FORM12400,142,FORM12400
0,SACA1005,ALFA4000,57,ALFA4000
0,SINV20,SINV10,86,SINV10
1,ISOT10,ISOT20,26401,ISOT20
1,ISOT20,ACIT10,272,ACIT10
1,ISOT20,ACIT25,146,ACIT25
1,ISOT20,AZAT50,138,AZAT50
1,ISOT20,CABE05,193,CABE05
1,ISOT20,FORM1240060,281,FORM1240060
1,ISOT20,GOSS1080,227,GOSS1080
1,ISOT20,ISOT10,12960,ISOT10
1,ISOT20,OLAN10,214,OLAN10
1,ISOT20,QUET100,158,QUET100
2,BROM25,CABE05,765,CABE05
2,CABE05,OCTR20,450,OCTR20
2,CABE05,OCTR30,435,OCTR30
2,CICLOSP100,CICLOSP25,349,CICLOSP25
2,CICLOSP100,CICLOSP50,893,CICLOSP50
2,CICLOSP25,CICLOSP50,321,CICLOSP50
2,OCTR20,CABE05,394,CABE05
2,OCTR20,OCTR30,1176,OCTR30
2,OCTR30,CABE05,808,CABE05
2,OCTR30,OCTR20,354,OCTR20
3,ALFA2000,SACA1005,474,SACA1005
3,ALFA4000,ALFA10000,386,ALFA10000
3,ALFA4000,ALFA2000,425,ALFA2000
3,ALFA4000,ALFA3000,383,ALFA3000
3,ALFA4000,ATOR20,223,ATOR20
3,ALFA4000,CALC025,846,CALC025
3,ALFA4000,FILG300,454,FILG300
3,ALFA4000,SACA1005,2193,SACA1005
3,ALFA4000,SEVE800,693,SEVE800
3,SACA1005,ALFA4000,267,ALFA4000
4,CICLOSP100,CICLOSP25,19,CICLOSP25
4,CICLOSP100,CICLOSP50,54,CICLOSP50
4,CICLOSP25,CICLOSP50,22,CICLOSP50
4,CICLOSP50,CICLOSP100,16,CICLOSP100
4,CICLOSP50,CICLOSP25,23,CICLOSP25
4,IMUN05,IMUN50,11,IMUN50
4,IMUN50,ALFA4000,22,ALFA4000
4,IMUN50,AZAT50,128,AZAT50
4,IMUN50,CICLOSP100,16,CICLOSP100
4,IMUN50,CICLOSP10050,14,CICLOSP10050
4,IMUN50,HIDR400,35,HIDR400
4,IMUN50,IMUN05,17,IMUN05
5,ALFA4000,ALFA10000,2834,ALFA10000
5,ALFA4000,ALFA2000,12628,ALFA2000
5,ALFA4000,ALFA3000,10095,ALFA3000
5,ALFA4000,ATOR10,1714,ATOR10
5,ALFA4000,ATOR20,3196,ATOR20
5,ALFA4000,CALC025,63385,CALC025
5,ALFA4000,CALC10,13370,CALC10
5,ALFA4000,MICO360,2013,MICO360
5,ALFA4000,SACA1005,151142,SACA1005
5,ALFA4000,SEVE800,48349,SEVE800
6,DANA100,ALFA4000,5,ALFA4000
6,DANA100,ATOR10,7,ATOR10
6,DANA100,ATOR20,8,ATOR20
6,DANA100,AZAT50,20,AZAT50
6,DANA100,CICLOSP100,17,CICLOSP100
6,DANA100,CODE30,9,CODE30
6,DANA100,DANA200,21,DANA200
6,DANA100,DEFE500,7,DEFE500
6,DANA100,FORM1240060,4,FORM1240060
6,DANA100,HIDR400,6,HIDR400
6,DANA100,IMUN50,7,IMUN50
6,DANA100,SALB100200,4,SALB100200
6,DANA100,SINV10,5,SINV10
6,DANA200,DANA100,8,DANA100
6,DANA200,DANA200,30,DANA200
7,AZAT50,CICLOSP100,101,CICLOSP100
7,AZAT50,HIDR400,167,HIDR400
7,AZAT50,INFL1010,77,INFL1010
7,AZAT50,MESA400,74,MESA400
7,AZAT50,TACR1,81,TACR1
7,CICLOSP100,CICLOSP25,116,CICLOSP25
7,CICLOSP100,CICLOSP50,301,CICLOSP50
7,CICLOSP25,CICLOSP50,188,CICLOSP50
7,CICLOSP50,CICLOSP100,104,CICLOSP100
7,CICLOSP50,CICLOSP25,102,CICLOSP25
8,ADAL40,ETAN50,737,ETAN50
8,ADAL40,METO25,1067,METO25
8,ETAN25,ETAN50,486,ETAN50
8,ETAN50,ADAL40,785,ADAL40
8,ETAN50,ETAN25,488,ETAN25
8,ETAN50,METO25,570,METO25
8,INFL1010,ADAL40,336,ADAL40
8,LEFL20,ADAL40,284,ADAL40
8,LEFL20,METO25,413,METO25
8,METO25,ADAL40,456,ADAL40
9,SULF500,ACIT25,1,ACIT25
9,SULF500,ADAL40,23,ADAL40
9,SULF500,ATOR10,1,ATOR10
9,SULF500,ATOR20,1,ATOR20
9,SULF500,ATOR40,1,ATOR40
9,SULF500,AZAT50,4,AZAT50
9,SULF500,CALC200,1,CALC200
9,SULF500,CERT200,2,CERT200
9,SULF500,CICLOSP100,1,CICLOSP100
9,SULF500,CICLOSP50,1,CICLOSP50
9,SULF500,CIPR100,3,CIPR100
9,SULF500,CITR5,1,CITR5
9,SULF500,CLOB0550,1,CLOB0550
9,SULF500,CODE30,1,CODE30
9,SULF500,DACL60,1,DACL60
9,SULF500,ETAN50,8,ETAN50
9,SULF500,GABA300,1,GABA300
9,SULF500,GALA8,1,GALA8
9,SULF500,GENF600,1,GENF600
9,SULF500,GOLI50,3,GOLI50
9,SULF500,GOSS360,1,GOSS360
9,SULF500,HIDR400,3,HIDR400
9,SULF500,INFL1010,9,INFL1010
9,SULF500,LAMO50,1,LAMO50
9,SULF500,LEFL20,11,LEFL20
9,SULF500,LEVO50,1,LEVO50
9,SULF500,MESA400,1,MESA400
9,SULF500,METO25,19,METO25
9,SULF500,METO252,1,METO252
9,SULF500,RIBA250,1,RIBA250
9,SULF500,RISP2,1,RISP2
9,SULF500,TIMO505,1,TIMO505
10,ADAL40,METO25,6359,METO25
10,HIDR400,LEFL20,10828,LEFL20
10,HIDR400,METO25,16953,METO25
10,LEFL20,ADAL40,15406,ADAL40
10,LEFL20,ETAN50,8584,ETAN50
10,LEFL20,HIDR400,5781,HIDR400
10,LEFL20,METO25,27326,METO25
10,LEFL20,METO252,5206,METO252
10,METO25,HIDR400,5459,HIDR400
10,METO25,LEFL20,12986,LEFL20
11,FORM12400,FORM1240060,44251,FORM1240060
11,FORM12400,FORM6200,15698,FORM6200
11,FORM1240060,FORM12400,43616,FORM12400
11,FORM1240060,FORM620060,15881,FORM620060
11,FORM1240060,SALB100200,13183,SALB100200
11,FORM6200,FORM1240060,7788,FORM1240060
11,FORM6200,FORM620060,9868,FORM620060
11,FORM620060,FORM1240060,12369,FORM1240060
11,FORM620060,FORM6200,7459,FORM6200
11,SALB100200,FORM1240060,16042,FORM1240060
12,RISP1,RISP1030,88,RISP1030
12,RISP1,RISP2,531,RISP2
12,RISP1,RISP3,80,RISP3
12,RISP1,TOPI25,23,TOPI25
12,RISP1030,RISP1,168,RISP1
12,RISP1030,RISP2,69,RISP2
12,RISP2,RISP1,187,RISP1
12,RISP2,RISP3,108,RISP3
12,RISP3,RISP1,32,RISP1
12,RISP3,RISP2,40,RISP2
13,SOMA12,SOMA4,1,SOMA4
14,AZAT50,CICLOSP50,76,CICLOSP50
14,AZAT50,HIDR400,248,HIDR400
14,AZAT50,IMUN50,154,IMUN50
14,AZAT50,METO25,284,METO25
14,CICLOSP100,CICLOSP50,85,CICLOSP50
14,HIDR400,AZAT50,64,AZAT50
14,HIDR400,METO25,110,METO25
14,IMUN50,AZAT50,154,AZAT50
14,IMUN50,METO25,66,METO25
14,METO25,AZAT50,138,AZAT50
14,METO25,HIDR400,86,HIDR400
15,DESM0125,ATOR10,105,ATOR10
15,DESM0125,ATOR20,126,ATOR20
15,DESM0125,CABE05,230,CABE05
15,DESM0125,CIPR100,62,CIPR100
15,DESM0125,LEVO100,36,LEVO100
15,DESM0125,LEVO25,25,LEVO25
15,DESM0125,OCTR20,41,OCTR20
15,DESM0125,OCTR30,27,OCTR30
15,DESM0125,SOMA12,361,SOMA12
15,DESM0125,SOMA4,348,SOMA4
16,ATOR10,ATOR20,48083,ATOR20
16,ATOR20,ATOR10,39387,ATOR10
16,ATOR20,ATOR40,40526,ATOR40
16,ATOR20,CIPR100,28418,CIPR100
16,ATOR40,ATOR20,15954,ATOR20
16,ATOR40,ATOR80,10418,ATOR80
16,CIPR100,ATOR20,14284,ATOR20
16,SINV10,SINV20,9847,SINV20
16,SINV20,ATOR20,11989,ATOR20
16,SINV20,SINV10,15621,SINV10
17,TOXI100,ATOR10,49,ATOR10
17,TOXI100,ATOR20,96,ATOR20
17,TOXI100,GABA300,54,GABA300
17,TOXI100,TOXI500,3777,TOXI500
17,TOXI500,ATOR10,54,ATOR10
17,TOXI500,ATOR20,140,ATOR20
17,TOXI500,CIPR100,48,CIPR100
17,TOXI500,FORM1240060,66,FORM1240060
17,TOXI500,GABA300,160,GABA300
17,TOXI500,QUET25,54,QUET25
17,TOXI500,RISP1,52,RISP1
17,TOXI500,TOXI100,3471,TOXI100
19,ADAL40,AZAT50,2638,AZAT50
19,AZAT50,ADAL40,3902,ADAL40
19,AZAT50,INFL1010,6591,INFL1010
19,AZAT50,MESA500,3512,MESA500
19,AZAT50,MESA800,2273,MESA800
19,INFL1010,AZAT50,2079,AZAT50
19,MESA400,AZAT50,3276,AZAT50
19,MESA400,MESA800,3043,MESA800
19,MESA500,AZAT50,4398,AZAT50
19,MESA800,AZAT50,2776,AZAT50
20,ALFA200,ALFA200,151,ALFA200
20,ALFA200,IMIG400,71,IMIG400
20,ALFA200,MIGL100,6,MIGL100
20,IMIG200,ALFA200,96,ALFA200
20,IMIG200,IMIG400,465,IMIG400
20,IMIG200,MIGL100,8,MIGL100
20,IMIG400,ALFA200,59,ALFA200
20,IMIG400,GABA300,5,GABA300
20,IMIG400,IMIG200,8,IMIG200
20,IMIG400,MIGL100,25,MIGL100
20,MIGL100,MIGL100,70,MIGL100
21,ALEN10,ADAL40,1,ADAL40
21,ALEN10,ALEN70,15,ALEN70
21,ALEN10,ATOR10,2,ATOR10
21,ALEN10,AZAT50,1,AZAT50
21,ALEN10,CALC025,1,CALC025
21,ALEN10,CALC200,3,CALC200
21,ALEN10,CICLOSP100,1,CICLOSP100
21,ALEN10,COMP1,1,COMP1
21,ALEN10,FORM1240060,1,FORM1240060
21,ALEN10,GALA8,2,GALA8
21,ALEN10,LAMI150,1,LAMI150
21,ALEN10,LEVO25,1,LEVO25
21,ALEN10,MICO360,1,MICO360
21,ALEN10,MORF10,1,MORF10
21,ALEN10,OLAN5,1,OLAN5
21,ALEN10,PAMI60,1,PAMI60
21,ALEN10,RISE35,1,RISE35
21,ALEN10,RIVA3,1,RIVA3
21,ALEN10,SACA1005,1,SACA1005
21,ALEN10,TOPI25,1,TOPI25
21,ALEN70,ACIT10,1,ACIT10
21,ALEN70,ALEN10,1,ALEN10
21,ALEN70,ATOR20,1,ATOR20
21,ALEN70,CALC025,1,CALC025
21,ALEN70,CALC200,2,CALC200
21,ALEN70,FORM12,1,FORM12
21,ALEN70,FORM12400,1,FORM12400
21,ALEN70,METO25,1,METO25
21,ALEN70,METO252,1,METO252
21,ALEN70,PRAM0125,1,PRAM0125
21,ALEN70,QUET100,1,QUET100
21,ALEN70,QUET25,1,QUET25
21,ALEN70,RALO60,1,RALO60
21,ALEN70,SINV20,2,SINV20
21,CALC100,ALEN10,1,ALEN10
21,CALC100,ALFA2000,2,ALFA2000
21,CALC100,ALFA4000,1,ALFA4000
21,CALC100,CALC025,1,CALC025
21,CALC100,RISE35,1,RISE35
21,CALC100,SACA1005,1,SACA1005
21,CALC200,ALEN10,4,ALEN10
21,CALC200,ALEN70,1,ALEN70
21,CALC200,CALC025,2,CALC025
21,CALC200,CODE30,1,CODE30
21,CALC200,DESF500,1,DESF500
21,CALC200,GABA300,1,GABA300
21,CALC200,GALA16,1,GALA16
21,CALC200,LAMI10240,1,LAMI10240
21,CALC200,LEVO20050,1,LEVO20050
21,CALC200,META10,1,META10
21,CALC200,METO25,1,METO25
21,CALC200,PAMI90,2,PAMI90
21,CALC200,QUET25,1,QUET25
21,CALC200,RALO60,1,RALO60
21,CALC200,SINV10,1,SINV10
21,CALC200,TENO300,1,TENO300
21,PAMI30,ATOR20,1,ATOR20
21,PAMI30,CALC200,1,CALC200
21,PAMI30,PAMI30,7,PAMI30
21,PAMI30,PAMI60,1,PAMI60
21,PAMI60,ATOR10,1,ATOR10
21,PAMI60,ATOR20,1,ATOR20
21,PAMI60,BRIM205,1,BRIM205
21,PAMI60,CALC025,1,CALC025
21,PAMI60,META5,1,META5
21,PAMI60,METO25,1,METO25
21,PAMI90,ALEN70,2,ALEN70
21,PAMI90,ALFA3000,1,ALFA3000
21,PAMI90,ALFA4000,1,ALFA4000
21,PAMI90,ATOR20,1,ATOR20
21,PAMI90,CALC025,1,CALC025
21,PAMI90,CALC200,2,CALC200
21,PAMI90,CODE30,1,CODE30
21,PAMI90,MORF10,1,MORF10
21,PAMI90,MORF30,1,MORF30
21,PAMI90,PAMI30,4,PAMI30
21,PAMI90,PAMI60,5,PAMI60
21,PAMI90,PAMI90,29,PAMI90
21,PRAV20,ALEN10,1,ALEN10
21,RISE35,ALEN70,1,ALEN70
21,RISE35,ATOR10,1,ATOR10
21,RISE35,ATOR40,1,ATOR40
21,RISE35,BRIM205,1,BRIM205
21,RISE35,CALC200,1,CALC200
21,RISE35,ETAN25,1,ETAN25
21,RISE35,GABA300,1,GABA300
21,RISE35,LEFL20,1,LEFL20
21,RISE35,RISP1,1,RISP1
22,AMAN100,ENTA200,4391,ENTA200
22,AMAN100,PRAM025,6711,PRAM025
22,AMAN100,PRAM1,5795,PRAM1
22,LEVO20050,AMAN100,5394,AMAN100
22,LEVO20050,PRAM025,5048,PRAM025
22,PRAM0125,PRAM025,4211,PRAM025
22,PRAM025,AMAN100,5068,AMAN100
22,PRAM025,PRAM1,11109,PRAM1
22,PRAM1,AMAN100,4301,AMAN100
22,PRAM1,ENTA200,3697,ENTA200
23,PENI250,ALEN10,5,ALEN10
23,PENI250,ALEN70,5,ALEN70
23,PENI250,ATOR10,4,ATOR10
23,PENI250,ATOR20,5,ATOR20
23,PENI250,AZAT50,51,AZAT50
23,PENI250,BIPE2,7,BIPE2
23,PENI250,CIPR100,7,CIPR100
23,PENI250,CLOR150,6,CLOR150
23,PENI250,GABA300,5,GABA300
23,PENI250,HIDR400,4,HIDR400
23,PENI250,LEFL20,8,LEFL20
23,PENI250,LEVO20050,5,LEVO20050
23,PENI250,METO25,21,METO25
23,PENI250,MICO360,10,MICO360
23,PENI250,MICO500,4,MICO500
23,PENI250,OLAN10,4,OLAN10
23,PENI250,QUET100,6,QUET100
23,PENI250,QUET25,10,QUET25
23,PENI250,RISE35,4,RISE35
23,PENI250,RISP2,5,RISP2
23,PENI250,SINV10,4,SINV10
23,PENI250,TACR1,8,TACR1
23,PENI250,TACR5,8,TACR5
23,PENI250,TOXI100,27,TOXI100
23,PENI250,TOXI500,36,TOXI500
24,HIDR500,ALFA4000,99,ALFA4000
24,HIDR500,CODE30,160,CODE30
24,HIDR500,DEFE125,121,DEFE125
24,HIDR500,DEFE250,486,DEFE250
24,HIDR500,DEFE500,1612,DEFE500
24,HIDR500,DESF500,99,DESF500
24,HIDR500,FORM1240060,45,FORM1240060
24,HIDR500,GABA300,52,GABA300
24,HIDR500,HIDR400,79,HIDR400
24,HIDR500,MORF10,41,MORF10
24,HIDR500,MORF30,35,MORF30
24,HIDR500,SOMA12,45,SOMA12
24,HIDR500,TOXI500,35,TOXI500
25,FILG300,ALFA2180,28,ALFA2180
25,FILG300,ALFA280,21,ALFA280
25,FILG300,ALFA4000,46,ALFA4000
25,FILG300,RIBA250,43,RIBA250
25,IMUN05,IMUN05,31,IMUN05
25,IMUN05,IMUN50,22,IMUN50
25,IMUN25,IMUN50,49,IMUN50
25,IMUN50,AZAT50,28,AZAT50
25,IMUN50,IMUN05,78,IMUN05
25,IMUN50,IMUN25,69,IMUN25
25,IMUN60,IMUN60,34,IMUN60
26,FORM12,FORM12400,856,FORM12400
26,FORM12,FORM1240060,1809,FORM1240060
26,FORM12400,FORM1240060,4599,FORM1240060
26,FORM12400,FORM6200,1001,FORM6200
26,FORM1240060,ATOR20,905,ATOR20
26,FORM1240060,FORM12,1275,FORM12
26,FORM1240060,FORM12400,7508,FORM12400
26,FORM1240060,FORM620060,1683,FORM620060
26,FORM620060,FORM1240060,951,FORM1240060
26,FORM620060,FORM6200,891,FORM6200
27,CODE30,GABA300,10489,GABA300
27,CODE30,MORF10,13007,MORF10
27,CODE30,MORF30,3680,MORF30
27,GABA300,CODE30,2636,CODE30
27,GABA300,GABA400,7319,GABA400
27,GABA300,MORF10,4385,MORF10
27,GABA300,MORF30,1955,MORF30
27,MORF10,CODE30,2287,CODE30
27,MORF10,GABA300,3348,GABA300
27,MORF10,MORF30,10006,MORF30
28,GOSS1080,FORM1240060,56,FORM1240060
28,GOSS1080,GOSS360,988,GOSS360
28,GOSS1080,ISOT20,84,ISOT20
28,GOSS1080,LEUP375,69,LEUP375
28,GOSS360,GOSS1080,1137,GOSS1080
28,GOSS360,LEUP375,64,LEUP375
28,LEUP375,GOSS1080,100,GOSS1080
28,LEUP375,GOSS360,121,GOSS360
28,LEUP375,LEUP1125,94,LEUP1125
28,LEUP375,TRIP375,76,TRIP375
29,LAMO100,CLOB10,2331,CLOB10
29,LAMO100,LAMO25,2442,LAMO25
29,LAMO100,LAMO50,2869,LAMO50
29,LAMO100,TOPI100,3676,TOPI100
29,LAMO25,LAMO100,3517,LAMO100
29,TOPI100,TOPI50,6296,TOPI50
29,TOPI25,TOPI100,2827,TOPI100
29,TOPI25,TOPI50,6360,TOPI50
29,TOPI50,TOPI100,8145,TOPI100
29,TOPI50,TOPI25,3079,TOPI25
30,RILU50,AMAN100,19,AMAN100
30,RILU50,ATOR20,22,ATOR20
30,RILU50,CODE30,27,CODE30
30,RILU50,FORM12400,22,FORM12400
30,RILU50,FORM1240060,24,FORM1240060
30,RILU50,GABA300,234,GABA300
30,RILU50,GABA400,20,GABA400
30,RILU50,IMUN50,163,IMUN50
30,RILU50,QUET100,20,QUET100
30,RILU50,QUET25,33,QUET25
30,RILU50,TOXI100,63,TOXI100
30,RILU50,TOXI500,72,TOXI500
31,BETA11200000044,FING05,630,FING05
31,BETA11200000044,GLAT20,1199,GLAT20
31,BETA11200000044,NATA300,544,NATA300
31,BETA1600000022,BETA11200000044,1642,BETA11200000044
31,BETA1600000030,FING05,576,FING05
31,BETA1600000030,GLAT20,1467,GLAT20
31,BETA19600000300,GLAT20,959,GLAT20
31,GLAT20,FING05,1233,FING05
31,GLAT20,NATA300,1414,NATA300
31,NATA300,FING05,573,FING05
32,AZAT50,METO25,79,METO25
32,AZAT50,SILD25,84,SILD25
32,AZAT50,SILD50,69,SILD50
32,METO25,AZAT50,67,AZAT50
32,METO25,SILD25,62,SILD25
32,PENI250,AZAT50,158,AZAT50
32,PENI250,METO25,77,METO25
32,SILD25,AZAT50,61,AZAT50
32,SILD25,SILD50,81,SILD50
32,SILD50,SILD25,51,SILD25
33,TOXI100,GABA300,84,GABA300
33,TOXI100,TOXI500,3639,TOXI500
33,TOXI500,ATOR20,146,ATOR20
33,TOXI500,CLOB10,104,CLOB10
33,TOXI500,GABA300,344,GABA300
33,TOXI500,LAMO100,99,LAMO100
33,TOXI500,RISP1,95,RISP1
33,TOXI500,TOPI25,101,TOPI25
33,TOXI500,TOPI50,137,TOPI50
33,TOXI500,TOXI100,2603,TOXI100
34,ADAL40,ETAN50,1215,ETAN50
34,ADAL40,INFL1010,522,INFL1010
34,ADAL40,METO25,1375,METO25
34,ADAL40,SULF500,859,SULF500
34,ETAN50,ADAL40,966,ADAL40
34,ETAN50,ETAN25,644,ETAN25
34,ETAN50,METO25,642,METO25
34,METO25,ADAL40,534,ADAL40
34,SULF500,ADAL40,1289,ADAL40
34,SULF500,ETAN50,749,ETAN50
35,METO252,ADAL40,3,ADAL40
35,METO252,AZAT50,1,AZAT50
35,METO252,ETAN50,2,ETAN50
35,METO252,GOLI50,1,GOLI50
35,METO252,INFL1010,4,INFL1010
35,METO252,METO25,1,METO25
35,METO252,NAPR250,1,NAPR250
35,METO252,SULF500,3,SULF500
35,NAPR250,ADAL40,1,ADAL40
35,NAPR250,CERT200,1,CERT200
35,NAPR250,ETAN50,1,ETAN50
35,NAPR250,SULF500,4,SULF500
35,NAPR500,ADAL40,3,ADAL40
35,NAPR500,CERT200,1,CERT200
35,NAPR500,CODE60,1,CODE60
35,NAPR500,ETAN50,1,ETAN50
35,NAPR500,QUET100,1,QUET100
35,NAPR500,SULF500,34,SULF500
36,OLAN10,OLAN5,72668,OLAN5
36,OLAN5,OLAN10,24927,OLAN10
36,QUET100,QUET200,25443,QUET200
36,QUET100,QUET25,9472,QUET25
36,QUET200,QUET100,12060,QUET100
36,QUET25,QUET100,13563,QUET100
36,RISP1,RISP2,19759,RISP2
36,RISP2,OLAN10,12613,OLAN10
36,RISP2,RISP1,18297,RISP1
36,ZIPR40,ZIPR80,6965,ZIPR80
37,COMP1,ALEN10,10,ALEN10
37,COMP1,ALFA4000,1,ALFA4000
37,COMP1,BEZA200,1,BEZA200
37,COMP1,CABE05,3,CABE05
37,COMP1,CICLOSP100,1,CICLOSP100
37,COMP1,CIPR100,1,CIPR100
37,COMP1,CLOZ100,1,CLOZ100
37,COMP1,FORM1240060,3,FORM1240060
37,COMP1,FORM6200,1,FORM6200
37,COMP1,GABA300,1,GABA300
37,COMP1,GOSS1080,1,GOSS1080
37,COMP1,ISOT10,2,ISOT10
37,COMP1,ISOT20,6,ISOT20
37,COMP1,LAMO100,3,LAMO100
37,COMP1,LEFL20,1,LEFL20
37,COMP1,LEUP1125,1,LEUP1125
37,COMP1,LEUP375,3,LEUP375
37,COMP1,LEVO20050,1,LEVO20050
37,COMP1,LEVO25025,2,LEVO25025
37,COMP1,MESA1000,1,MESA1000
37,COMP1,MICO180,1,MICO180
37,COMP1,OLAN10,6,OLAN10
37,COMP1,OLAN5,3,OLAN5
37,COMP1,QUET200,3,QUET200
37,COMP1,QUET25,2,QUET25
37,COMP1,RISP1,3,RISP1
37,COMP1,RISP2,8,RISP2
37,COMP1,RIVA15,1,RIVA15
37,COMP1,SALB100200,1,SALB100200
37,COMP1,SILD20,1,SILD20
37,COMP1,SOMA12,1,SOMA12
37,COMP1,TOPI100,2,TOPI100
37,COMP1,TOPI25,1,TOPI25
37,COMP1,TOPI50,1,TOPI50
37,COMP1,TOXI100,1,TOXI100
37,COMP1,TOXI500,1,TOXI500
37,COMP1,VIGA500,3,VIGA500
37,OLAN10,OLAN5,1,OLAN5
37,RISP1,COMP1,3,COMP1
37,SINV20,SINV40,1,SINV40
38,ALFA25,PANC10000,1255,PANC10000
38,ALFA25,PANC12000,255,PANC12000
38,ALFA25,PANC25000,1422,PANC25000
38,PANC10000,ALFA25,1066,ALFA25
38,PANC10000,PANC25000,914,PANC25000
38,PANC12000,ALFA25,396,ALFA25
38,PANC12000,PANC10000,239,PANC10000
38,PANC18000,ALFA25,187,ALFA25
38,PANC25000,ALFA25,490,ALFA25
38,PANC25000,PANC10000,369,PANC10000
40,ALFA210000000,ALFA10000,1,ALFA10000
40,ALFA210000000,ALFA23000000,1,ALFA23000000
40,ALFA210000000,ATOR20,1,ATOR20
40,ALFA210000000,CICLOSP10050,1,CICLOSP10050
40,ALFA210000000,DEFE500,1,DEFE500
40,ALFA210000000,FILG300,1,FILG300
40,ALFA210000000,MORF30,1,MORF30
40,ALFA210000000,RIBA250,1,RIBA250
40,ALFA210000000,SEVE800,1,SEVE800
40,ALFA23000000,ACIT10,1,ACIT10
40,ALFA23000000,ACIT25,2,ACIT25
40,ALFA23000000,ALFA25000000,2,ALFA25000000
40,ALFA23000000,CICLOFO50,1,CICLOFO50
40,ALFA23000000,CODE30,1,CODE30
40,ALFA23000000,DEFE250,1,DEFE250
40,ALFA23000000,ETAN25,1,ETAN25
40,ALFA23000000,FILG300,1,FILG300
40,ALFA23000000,FORM12400,1,FORM12400
40,ALFA23000000,GABA400,1,GABA400
40,ALFA23000000,HIDR500,1,HIDR500
40,ALFA23000000,MESA500,1,MESA500
40,ALFA23000000,MICO360,1,MICO360
40,ALFA23000000,MORF1060,1,MORF1060
40,ALFA23000000,MORF30,1,MORF30
40,ALFA23000000,OCTR20,3,OCTR20
40,ALFA23000000,PANC25000,1,PANC25000
40,ALFA23000000,RIBA250,2,RIBA250
40,ALFA23000000,TENO300,1,TENO300
40,ALFA25000000,ALFA23000000,3,ALFA23000000
40,ALFA25000000,ALFA4000,1,ALFA4000
40,ALFA25000000,DESM0125,1,DESM0125
41,AZAT50,ALEN10,30,ALEN10
41,AZAT50,ALEN70,39,ALEN70
41,AZAT50,ATOR20,36,ATOR20
41,AZAT50,CICLOSP100,29,CICLOSP100
41,AZAT50,CICLOSP25,26,CICLOSP25
41,AZAT50,CICLOSP50,33,CICLOSP50
41,AZAT50,CIPR100,39,CIPR100
41,AZAT50,HIDR400,109,HIDR400
41,AZAT50,MICO360,114,MICO360
41,AZAT50,TACR1,58,TACR1
41,AZAT50,TACR5,67,TACR5
42,LAMI10240,ADEF10,27,ADEF10
42,LAMI10240,LAMI150,79,LAMI150
42,LAMI10240,TACR1,20,TACR1
42,LAMI10240,TENO300,22,TENO300
42,LAMI150,ADEF10,157,ADEF10
42,LAMI150,ENTE05,115,ENTE05
42,LAMI150,LAMI10240,30,LAMI10240
42,LAMI150,MICO360,18,MICO360
42,LAMI150,TACR1,64,TACR1
42,LAMI150,TENO300,201,TENO300
43,ALFA2100,RIBA250,7552,RIBA250
43,ALFA2180,RIBA250,45117,RIBA250
43,ALFA23000000,RIBA250,7365,RIBA250
43,ALFA280,RIBA250,16601,RIBA250
43,DACL60,RIBA250,19274,RIBA250
43,DACL60,SOFO400,29150,SOFO400
43,RIBA250,ALFA10000,9962,ALFA10000
43,RIBA250,DACL60,6368,DACL60
43,RIBA250,SOFO400,21610,SOFO400
43,SIME150,SOFO400,11490,SOFO400
44,ALFA3000,SACA1005,14772,SACA1005
44,CALC025,ALFA4000,28068,ALFA4000
44,CALC025,SACA1005,45111,SACA1005
44,CALC025,SEVE800,18786,SEVE800
44,SACA1005,ALFA4000,63506,ALFA4000
44,SACA1005,CALC025,29636,CALC025
44,SACA1005,SEVE800,69011,SEVE800
44,SEVE800,ALFA4000,19709,ALFA4000
44,SEVE800,CALC025,15726,CALC025
44,SEVE800,SACA1005,18741,SACA1005
45,CIPR50,FLUD01,24,FLUD01
45,CIPR50,LEUP1125,9,LEUP1125
45,CIPR50,LEUP375,9,LEUP375
45,CIPR50,SOMA12,10,SOMA12
45,CIPR50,SOMA4,9,SOMA4
45,FLUD01,ATOR20,21,ATOR20
45,FLUD01,CIPR50,67,CIPR50
45,FLUD01,LEUP1125,20,LEUP1125
45,FLUD01,LEUP375,63,LEUP375
45,FLUD01,SOMA12,17,SOMA12
45,FLUD01,SOMA4,9,SOMA4
45,FLUD01,TRIP375,13,TRIP375
45,FLUT250,FLUT250,11,FLUT250
46,BROM25,CABE05,2647,CABE05
46,CABE05,ATOR10,245,ATOR10
46,CABE05,ATOR20,269,ATOR20
46,CABE05,BROM25,396,BROM25
46,CABE05,DESM0125,188,DESM0125
46,CABE05,FORM1240060,94,FORM1240060
46,CABE05,GOSS1080,93,GOSS1080
46,CABE05,ISOT20,105,ISOT20
46,CABE05,OLAN10,99,OLAN10
46,CABE05,QUET100,130,QUET100
47,AMBR10,SILD20,214,SILD20
47,AMBR5,AMBR10,244,AMBR10
47,BOSE125,BOSE625,312,BOSE625
47,BOSE125,SILD20,412,SILD20
47,BOSE625,BOSE125,418,BOSE125
47,BOSE625,SILD20,190,SILD20
47,SILD20,AMBR10,289,AMBR10
47,SILD20,AMBR5,289,AMBR5
47,SILD20,BOSE125,843,BOSE125
47,SILD20,BOSE625,349,BOSE625
47,SILD20,FORM12400,173,FORM12400
48,CALC025,ALEN70,222,ALEN70
48,CALC025,ALFA025,172,ALFA025
48,CALC025,ALFA3000,171,ALFA3000
48,CALC025,ALFA4000,782,ALFA4000
48,CALC025,ATOR10,266,ATOR10
48,CALC025,ATOR20,558,ATOR20
48,CALC025,RALO60,137,RALO60
48,CALC025,RISE35,143,RISE35
48,CALC025,SACA1005,588,SACA1005
48,CALC025,SEVE800,354,SEVE800
49,ACIT10,ACIT25,368,ACIT25
49,ACIT10,ADAL40,2,ADAL40
49,ACIT10,ALEN70,1,ALEN70
49,ACIT10,ALFA2180,1,ALFA2180
49,ACIT10,ALFA4000,1,ALFA4000
49,ACIT10,ATOR20,1,ATOR20
49,ACIT10,AZAT50,4,AZAT50
49,ACIT10,BEZA200,1,BEZA200
49,ACIT10,BEZA400,2,BEZA400
49,ACIT10,CALC025,1,CALC025
49,ACIT10,CALC5030,1,CALC5030
49,ACIT10,CICLOSP100,3,CICLOSP100
49,ACIT10,CICLOSP10050,2,CICLOSP10050
49,ACIT10,CIPR100,1,CIPR100
49,ACIT10,DORZ205,1,DORZ205
49,ACIT10,ETAN50,2,ETAN50
49,ACIT10,FENO200,1,FENO200
49,ACIT10,FORM1240060,1,FORM1240060
49,ACIT10,GABA300,1,GABA300
49,ACIT10,HIDR400,2,HIDR400
49,ACIT10,IMUN50,1,IMUN50
49,ACIT10,ISOT10,4,ISOT10
49,ACIT10,ISOT20,16,ISOT20
49,ACIT10,LAMO25,1,LAMO25
49,ACIT10,META10,1,META10
49,ACIT10,METO25,1,METO25
49,ACIT10,MICO360,1,MICO360
49,ACIT10,MORF30,1,MORF30
49,ACIT10,OLAN10,1,OLAN10
49,ACIT10,PAMI60,1,PAMI60
49,ACIT10,QUET100,1,QUET100
49,ACIT10,QUET25,1,QUET25
49,ACIT10,RALO60,1,RALO60
49,ACIT10,SINV10,1,SINV10
49,ACIT10,SOMA12,1,SOMA12
49,ACIT10,TENO300,1,TENO300
49,ACIT10,TOPI100,1,TOPI100
49,ACIT10,TOXI500,3,TOXI500
49,ACIT10,VIGA500,1,VIGA500
49,ACIT25,ACIT10,272,ACIT10
49,ACIT25,ADAL40,6,ADAL40
49,ACIT25,ALFA3000,1,ALFA3000
49,ACIT25,ATOR10,1,ATOR10
49,ACIT25,ATOR20,1,ATOR20
49,ACIT25,AZAT50,2,AZAT50
49,ACIT25,BEZA200,1,BEZA200
49,ACIT25,BIMA033,1,BIMA033
49,ACIT25,BRIM205,1,BRIM205
49,ACIT25,CABE05,1,CABE05
49,ACIT25,CALC025,1,CALC025
49,ACIT25,CALC5030,2,CALC5030
49,ACIT25,CICLOSP100,1,CICLOSP100
49,ACIT25,CICLOSP25,1,CICLOSP25
49,ACIT25,CIPR100,5,CIPR100
49,ACIT25,CODE30,2,CODE30
49,ACIT25,DONE5,1,DONE5
49,ACIT25,ETAN25,1,ETAN25
49,ACIT25,ETAN50,3,ETAN50
49,ACIT25,FORM12,1,FORM12
49,ACIT25,FORM12400,3,FORM12400
49,ACIT25,FORM1240060,1,FORM1240060
49,ACIT25,FORM6200,1,FORM6200
49,ACIT25,GABA300,1,GABA300
49,ACIT25,HIDR400,1,HIDR400
49,ACIT25,IMUN50,1,IMUN50
49,ACIT25,ISOT10,3,ISOT10
49,ACIT25,ISOT20,9,ISOT20
49,ACIT25,LEFL20,1,LEFL20
49,ACIT25,METO25,1,METO25
49,ACIT25,METO252,1,METO252
49,ACIT25,OLAN10,5,OLAN10
49,ACIT25,QUET100,1,QUET100
49,ACIT25,RALO60,2,RALO60
49,ACIT25,RISP1,1,RISP1
49,ACIT25,RISP2,1,RISP2
49,ACIT25,RISP3,1,RISP3
49,ACIT25,SACA1005,1,SACA1005
49,ACIT25,SINV20,1,SINV20
49,ACIT25,SOMA12,1,SOMA12
49,ACIT25,TIMO505,2,TIMO505
49,ACIT25,TOXI100,1,TOXI100
49,ACIT25,TOXI500,2,TOXI500
49,ACIT25,TRAV00425,1,TRAV00425
50,IMUN05,IMUN05,59,IMUN05
50,IMUN05,IMUN50,61,IMUN50
50,IMUN25,IMUN50,57,IMUN50
50,IMUN50,ALFA4000,57,ALFA4000
50,IMUN50,CICLOSP100,72,CICLOSP100
50,IMUN50,CICLOSP10050,92,CICLOSP10050
50,IMUN50,FORM1240060,101,FORM1240060
50,IMUN50,IMUN05,140,IMUN05
50,IMUN50,IMUN25,312,IMUN25
50,IMUN50,IMUN60,69,IMUN60
50,IMUN60,IMUN60,84,IMUN60
51,FLUD01,ALFA10000,1,ALFA10000
51,FLUD01,ALFA2000,1,ALFA2000
51,FLUD01,ALFA4000,8,ALFA4000
51,FLUD01,ATOR10,3,ATOR10
51,FLUD01,ATOR20,17,ATOR20
51,FLUD01,ATOR40,9,ATOR40
51,FLUD01,ATOR80,1,ATOR80
51,FLUD01,AZAT50,1,AZAT50
51,FLUD01,BEZA200,1,BEZA200
51,FLUD01,BEZA400,1,BEZA400
51,FLUD01,BRIM205,1,BRIM205
51,FLUD01,CABE05,3,CABE05
51,FLUD01,CALC025,8,CALC025
51,FLUD01,CIPR100,1,CIPR100
51,FLUD01,CLOZ100,2,CLOZ100
51,FLUD01,CODE30,2,CODE30
51,FLUD01,CODE60,1,CODE60
51,FLUD01,DACL60,1,DACL60
51,FLUD01,DEFE250,1,DEFE250
51,FLUD01,DESM0125,5,DESM0125
51,FLUD01,DONE5,3,DONE5
51,FLUD01,ENTE05,1,ENTE05
51,FLUD01,FENO200,1,FENO200
51,FLUD01,FENO250,1,FENO250
51,FLUD01,FILG300,1,FILG300
51,FLUD01,FORM12,1,FORM12
51,FLUD01,FORM12400,1,FORM12400
51,FLUD01,FORM1240060,13,FORM1240060
51,FLUD01,GABA300,8,GABA300
51,FLUD01,GALA8,2,GALA8
51,FLUD01,GOSS360,1,GOSS360
51,FLUD01,HIDR400,1,HIDR400
51,FLUD01,INSU1003,4,INSU1003
51,FLUD01,LAMO25,1,LAMO25
51,FLUD01,LEUP375,3,LEUP375
51,FLUD01,MESA250,1,MESA250
51,FLUD01,MESA500,1,MESA500
51,FLUD01,METO25,2,METO25
51,FLUD01,MICO360,1,MICO360
51,FLUD01,MORF10,3,MORF10
51,FLUD01,MORF1060,2,MORF1060
51,FLUD01,MORF30,1,MORF30
51,FLUD01,OCTR30,1,OCTR30
51,FLUD01,OLAN10,2,OLAN10
51,FLUD01,PAMI60,1,PAMI60
51,FLUD01,PANC25000,1,PANC25000
51,FLUD01,PRAM025,1,PRAM025
51,FLUD01,PRAM1,1,PRAM1
51,FLUD01,QUET100,2,QUET100
51,FLUD01,QUET200,1,QUET200
51,FLUD01,QUET25,3,QUET25
51,FLUD01,RALO60,1,RALO60
51,FLUD01,RISE35,1,RISE35
51,FLUD01,RISP1,1,RISP1
51,FLUD01,RISP2,1,RISP2
51,FLUD01,RIVA6,1,RIVA6
51,FLUD01,SACA1005,3,SACA1005
51,FLUD01,SOMA12,2,SOMA12
51,FLUD01,SOMA4,1,SOMA4
51,FLUD01,TACR1,1,TACR1
51,FLUD01,TOPI100,1,TOPI100
51,FLUD01,TOPI25,1,TOPI25
51,FLUD01,TOPI50,1,TOPI50
51,FLUD01,TOXI100,1,TOXI100
51,FLUD01,TOXI500,2,TOXI500
52,PANC10000,PANC25000,819,PANC25000
52,PANC12000,PANC10000,301,PANC10000
52,PANC12000,PANC20000,129,PANC20000
52,PANC12000,PANC25000,194,PANC25000
52,PANC18000,PANC25000,166,PANC25000
52,PANC20000,PANC10000,166,PANC10000
52,PANC20000,PANC12000,93,PANC12000
52,PANC20000,PANC25000,157,PANC25000
52,PANC25000,ATOR20,80,ATOR20
52,PANC25000,PANC10000,429,PANC10000
52,PANC25000,PANC12000,77,PANC12000
53,GOSS1080,ATOR20,129,ATOR20
53,GOSS1080,CIPR100,69,CIPR100
53,GOSS1080,FORM1240060,139,FORM1240060
53,GOSS1080,GOSS360,1888,GOSS360
53,GOSS1080,LEUP375,68,LEUP375
53,GOSS360,GOSS1080,1524,GOSS1080
53,LEUP1125,LEUP375,81,LEUP375
53,LEUP1125,TRIP375,80,TRIP375
53,LEUP375,LEUP1125,269,LEUP1125
53,LEUP375,TRIP375,78,TRIP375
54,AZAT50,ALFA4000,569,ALFA4000
54,AZAT50,CICLOSP100,372,CICLOSP100
54,AZAT50,CLOR150,593,CLOR150
54,AZAT50,HIDR400,17222,HIDR400
54,AZAT50,LEFL20,375,LEFL20
54,AZAT50,METO25,1000,METO25
54,CLOR150,HIDR400,465,HIDR400
54,HIDR400,AZAT50,3097,AZAT50
54,HIDR400,METO25,3384,METO25
54,METO25,HIDR400,913,HIDR400
55,AZAT50,CICLOSP50,43,CICLOSP50
55,AZAT50,IMUN50,195,IMUN50
55,AZAT50,PIRI60,1584,PIRI60
55,CICLOSP50,PIRI60,54,PIRI60
55,IMUN50,AZAT50,317,AZAT50
55,IMUN50,PIRI60,172,PIRI60
55,PIRI60,AZAT50,515,AZAT50
55,PIRI60,CICLOSP100,38,CICLOSP100
55,PIRI60,CICLOSP50,73,CICLOSP50
55,PIRI60,IMUN50,128,IMUN50
56,FILG300,ALFA10000,141,ALFA10000
56,FILG300,ALFA2180,77,ALFA2180
56,FILG300,ALFA4000,140,ALFA4000
56,FILG300,CICLOSP100,78,CICLOSP100
56,FILG300,CODE30,125,CODE30
56,FILG300,DACL60,78,DACL60
56,FILG300,DEFE500,69,DEFE500
56,FILG300,GABA300,66,GABA300
56,FILG300,MORF10,96,MORF10
56,FILG300,MORF30,40,MORF30
56,FILG300,RIBA250,110,RIBA250
57,ALFA2000,ALFA4000,412,ALFA4000
57,ALFA4000,ALFA2000,428,ALFA2000
57,ALFA4000,CALC025,1441,CALC025
57,ALFA4000,SACA1005,2839,SACA1005
57,CALC025,ALFA3000,417,ALFA3000
57,CALC025,ALFA4000,1650,ALFA4000
57,CALC025,SACA1005,1483,SACA1005
57,CALC025,SEVE800,358,SEVE800
57,SACA1005,ALFA4000,1051,ALFA4000
57,SACA1005,CALC025,389,CALC025
58,ALEN10,ALEN70,15214,ALEN70
58,ALEN10,CALC025,3247,CALC025
58,ALEN10,RALO60,2906,RALO60
58,ALEN10,RISE35,2596,RISE35
58,ALEN70,CALC025,14320,CALC025
58,ALEN70,RALO60,2819,RALO60
58,CALC025,RALO60,9940,RALO60
58,CALC025,RISE35,7173,RISE35
58,RALO60,CALC025,5287,CALC025
58,RALO60,RISE35,4521,RISE35
59,ADEF10,TENO300,627,TENO300
59,ALFA25000000,TENO300,370,TENO300
59,ENTE05,ENTE10,1321,ENTE10
59,ENTE05,LAMI150,646,LAMI150
59,ENTE05,TENO300,6314,TENO300
59,ENTE10,ENTE05,370,ENTE05
59,ENTE10,TENO300,459,TENO300
59,LAMI150,ADEF10,759,ADEF10
59,LAMI150,ENTE05,576,ENTE05
59,LAMI150,TENO300,1605,TENO300
59,TENO300,ENTE05,2223,ENTE05
60,ACIT10,ACIT25,3404,ACIT25
60,ACIT10,ADAL40,544,ADAL40
60,ACIT10,CALC5030,819,CALC5030
60,ACIT25,ACIT10,3931,ACIT10
60,ACIT25,ADAL40,722,ADAL40
60,ACIT25,CALC5030,878,CALC5030
60,ACIT25,CICLOSP100,453,CICLOSP100
60,ACIT25,METO25,464,METO25
60,CALC5030,CLOB0530,1636,CLOB0530
60,CICLOSP100,CICLOSP50,839,CICLOSP50
61,LEUP1125,LEUP375,4322,LEUP375
61,LEUP1125,SOMA12,1099,SOMA12
61,LEUP1125,TRIP1125,761,TRIP1125
61,LEUP375,LEUP1125,10361,LEUP1125
61,LEUP375,SOMA12,1257,SOMA12
61,LEUP375,SOMA4,1005,SOMA4
61,LEUP375,TRIP375,3745,TRIP375
61,TRIP375,LEUP1125,1072,LEUP1125
61,TRIP375,LEUP375,2215,LEUP375
61,TRIP375,TRIP1125,430,TRIP1125
62,AZAT50,CICLOFO50,13,CICLOFO50
62,AZAT50,DANA100,20,DANA100
62,AZAT50,HIDR400,28,HIDR400
62,AZAT50,IMUN50,115,IMUN50
62,DANA100,AZAT50,22,AZAT50
62,IMUN05,IMUN50,13,IMUN50
62,IMUN25,IMUN50,20,IMUN50
62,IMUN50,AZAT50,342,AZAT50
62,IMUN50,CICLOFO50,14,CICLOFO50
62,IMUN50,CICLOSP100,42,CICLOSP100
62,IMUN50,DANA100,17,DANA100
62,IMUN50,HIDR400,39,HIDR400
62,IMUN50,IMUN25,17,IMUN25
63,CALC025,ALFA4000,203,ALFA4000
63,CALC025,SACA1005,189,SACA1005
63,CALC025,SEVE800,128,SEVE800
63,SEVE800,ALFA10000,92,ALFA10000
63,SEVE800,ALFA2000,331,ALFA2000
63,SEVE800,ALFA3000,375,ALFA3000
63,SEVE800,ALFA4000,1056,ALFA4000
63,SEVE800,CALC025,837,CALC025
63,SEVE800,CALC10,538,CALC10
63,SEVE800,SACA1005,954,SACA1005
64,AZAT50,MESA500,2272,MESA500
64,MESA1000,MESA500,3334,MESA500
64,MESA400,AZAT50,2343,AZAT50
64,MESA400,MESA500,3299,MESA500
64,MESA400,MESA800,5369,MESA800
64,MESA500,AZAT50,2921,AZAT50
64,MESA500,MESA800,4102,MESA800
64,MESA800,AZAT50,2866,AZAT50
64,MESA800,MESA400,4682,MESA400
64,MESA800,MESA500,3411,MESA500
65,IMUN05,IMUN50,34,IMUN50
65,IMUN25,IMUN50,29,IMUN50
65,IMUN50,ALFA4000,33,ALFA4000
65,IMUN50,AZAT50,151,AZAT50
65,IMUN50,GABA300,211,GABA300
65,IMUN50,GABA400,26,GABA400
65,IMUN50,IMUN05,17,IMUN05
65,IMUN50,IMUN25,29,IMUN25
65,IMUN50,IMUN60,18,IMUN60
65,IMUN50,RILU50,78,RILU50
65,IMUN50,TOXI500,20,TOXI500
66,CIPR50,ATOR10,3,ATOR10
66,CIPR50,ATOR20,5,ATOR20
66,CIPR50,AZAT50,1,AZAT50
66,CIPR50,BIMA033,1,BIMA033
66,CIPR50,BROM25,1,BROM25
66,CIPR50,BUDE200,1,BUDE200
66,CIPR50,CABE05,3,CABE05
66,CIPR50,CICLOSP100,1,CICLOSP100
66,CIPR50,CIPR100,2,CIPR100
66,CIPR50,CODE30,1,CODE30
66,CIPR50,DONE5,1,DONE5
66,CIPR50,ETAN25,1,ETAN25
66,CIPR50,ETAN50,1,ETAN50
66,CIPR50,FORM1240060,2,FORM1240060
66,CIPR50,GABA300,1,GABA300
66,CIPR50,GOSS360,3,GOSS360
66,CIPR50,INSU1003,1,INSU1003
66,CIPR50,ISOT20,7,ISOT20
66,CIPR50,LEUP1125,2,LEUP1125
66,CIPR50,LEUP375,4,LEUP375
66,CIPR50,LEVO150,1,LEVO150
66,CIPR50,LEVO25,1,LEVO25
66,CIPR50,METO25,1,METO25
66,CIPR50,METO252,1,METO252
66,CIPR50,MORF30,1,MORF30
66,CIPR50,OCTR20,1,OCTR20
66,CIPR50,OLAN10,2,OLAN10
66,CIPR50,OLAN5,1,OLAN5
66,CIPR50,QUET25,1,QUET25
66,CIPR50,RALO60,1,RALO60
66,CIPR50,RISP1,2,RISP1
66,CIPR50,RISP2,1,RISP2
66,CIPR50,SACA1005,1,SACA1005
66,CIPR50,SINV10,1,SINV10
66,CIPR50,SINV20,1,SINV20
66,CIPR50,SOMA12,1,SOMA12
66,CIPR50,TOPI25,3,TOPI25
66,CIPR50,TOXI500,2,TOXI500
66,CIPR50,VIGA500,1,VIGA500
66,CIPR50,ZIPR80,1,ZIPR80
67,SOMA12,ADAL40,1,ADAL40
67,SOMA12,ALFA2000,1,ALFA2000
67,SOMA12,CALC5030,1,CALC5030
67,SOMA12,ETAN25,1,ETAN25
67,SOMA12,ETAN50,1,ETAN50
67,SOMA12,FORM12400,1,FORM12400
67,SOMA12,FORM620060,1,FORM620060
67,SOMA12,IMUN50,1,IMUN50
67,SOMA12,LEUP1125,4,LEUP1125
67,SOMA12,LEUP375,6,LEUP375
67,SOMA12,MESA500,1,MESA500
67,SOMA12,MESA800,1,MESA800
67,SOMA12,OLAN10,2,OLAN10
67,SOMA12,QUET25,1,QUET25
67,SOMA12,RISP1,2,RISP1
67,SOMA12,RISP2,1,RISP2
67,SOMA12,RISP3,1,RISP3
67,SOMA12,SOMA4,346,SOMA4
67,SOMA12,TOPI25,1,TOPI25
67,SOMA12,TOXI500,2,TOXI500
67,SOMA12,TRIP375,2,TRIP375
67,SOMA4,ALEN70,1,ALEN70
67,SOMA4,ALFA4000,1,ALFA4000
67,SOMA4,AZAT50,3,AZAT50
67,SOMA4,BECL250200,1,BECL250200
67,SOMA4,CALC025,3,CALC025
67,SOMA4,CIPR100,2,CIPR100
67,SOMA4,CIPR50,1,CIPR50
67,SOMA4,DEFE500,1,DEFE500
67,SOMA4,ETAN25,1,ETAN25
67,SOMA4,FORM1240060,1,FORM1240060
67,SOMA4,IMUN50,1,IMUN50
67,SOMA4,LEUP1125,5,LEUP1125
67,SOMA4,LEUP375,10,LEUP375
67,SOMA4,LEVO150,1,LEVO150
67,SOMA4,LEVO25,1,LEVO25
67,SOMA4,LEVO50,1,LEVO50
67,SOMA4,MESA500,1,MESA500
67,SOMA4,MESA800,1,MESA800
67,SOMA4,OLAN5,1,OLAN5
67,SOMA4,QUET100,1,QUET100
67,SOMA4,RISP1,1,RISP1
67,SOMA4,RISP2,1,RISP2
67,SOMA4,SINV20,1,SINV20
67,SOMA4,SOMA12,734,SOMA12
67,SOMA4,TOPI25,2,TOPI25
67,SOMA4,TOPI50,2,TOPI50
67,SOMA4,TRIP375,1,TRIP375
68,CICLOSP100,ALFA4000,217,ALFA4000
68,CICLOSP100,CICLOSP25,1345,CICLOSP25
68,CICLOSP100,CICLOSP50,2371,CICLOSP50
68,CICLOSP10050,CICLOSP100,207,CICLOSP100
68,CICLOSP10050,CICLOSP50,196,CICLOSP50
68,CICLOSP25,CICLOSP100,401,CICLOSP100
68,CICLOSP25,CICLOSP50,1703,CICLOSP50
68,CICLOSP50,ALFA4000,299,ALFA4000
68,CICLOSP50,CICLOSP100,888,CICLOSP100
68,CICLOSP50,CICLOSP25,1205,CICLOSP25
69,CLOP75,ALFA4000,341,ALFA4000
69,CLOP75,ATOR10,707,ATOR10
69,CLOP75,ATOR20,6247,ATOR20
69,CLOP75,ATOR40,9006,ATOR40
69,CLOP75,ATOR80,1801,ATOR80
69,CLOP75,CIPR100,740,CIPR100
69,CLOP75,FORM12400,223,FORM12400
69,CLOP75,FORM1240060,637,FORM1240060
69,CLOP75,GABA300,360,GABA300
69,CLOP75,QUET25,217,QUET25
70,DEFE125,DEFE250,269,DEFE250
70,DEFE125,DEFE500,230,DEFE500
70,DEFE250,DEFE500,1265,DEFE500
70,DEFE250,HIDR500,308,HIDR500
70,DEFE500,DEFE125,224,DEFE125
70,DEFE500,DEFE250,1010,DEFE250
70,DEFE500,DESF500,199,DESF500
70,DEFE500,HIDR500,1110,HIDR500
70,DESF500,DEFE500,458,DEFE500
70,DESF500,HIDR500,171,HIDR500
71,AZAT50,CICLOSP100,146,CICLOSP100
71,CICLOSP100,CICLOSP25,588,CICLOSP25
71,CICLOSP100,CICLOSP50,254,CICLOSP50
71,CICLOSP100,MICO360,244,MICO360
71,CICLOSP100,MICO500,216,MICO500
71,CICLOSP25,CICLOSP50,498,CICLOSP50
71,CICLOSP25,MICO360,179,MICO360
71,CICLOSP50,CICLOSP100,185,CICLOSP100
71,CICLOSP50,MICO360,284,MICO360
71,CICLOSP50,MICO500,159,MICO500
72,AZAT50,CICLOSP100,1,CICLOSP100
72,AZAT50,METO25,1,METO25
72,CICLOSP100,CICLOSP25,1,CICLOSP25
72,CICLOSP100,CICLOSP50,3,CICLOSP50
72,CICLOSP25,AZAT50,1,AZAT50
72,CICLOSP25,CICLOSP50,1,CICLOSP50
72,CICLOSP25,SOMA4,1,SOMA4
72,CICLOSP50,AZAT50,1,AZAT50
72,CICLOSP50,MICO500,1,MICO500
72,METI500,CICLOSP100,1,CICLOSP100
72,METI500,METO25,1,METO25
73,CICLOSP100,CICLOSP25,1924,CICLOSP25
73,CICLOSP100,CICLOSP50,1321,CICLOSP50
73,CICLOSP10050,CICLOSP100,69,CICLOSP100
73,CICLOSP10050,IMUN50,84,IMUN50
73,CICLOSP25,CICLOSP100,131,CICLOSP100
73,CICLOSP25,CICLOSP50,2104,CICLOSP50
73,CICLOSP50,CICLOSP100,356,CICLOSP100
73,CICLOSP50,CICLOSP10050,54,CICLOSP10050
73,CICLOSP50,CICLOSP25,484,CICLOSP25
73,CICLOSP50,IMUN50,133,IMUN50
74,AZAT50,CICLOSP100,91,CICLOSP100
74,AZAT50,CICLOSP25,58,CICLOSP25
74,AZAT50,CICLOSP50,39,CICLOSP50
74,CICLOSP100,AZAT50,81,AZAT50
74,CICLOSP100,CICLOSP25,152,CICLOSP25
74,CICLOSP100,CICLOSP50,61,CICLOSP50
74,CICLOSP25,AZAT50,36,AZAT50
74,CICLOSP25,CICLOSP50,119,CICLOSP50
74,CICLOSP50,AZAT50,60,AZAT50
74,CICLOSP50,CICLOSP100,28,CICLOSP100
75,MICO180,TACR1,701,TACR1
75,MICO360,TACR1,5852,TACR1
75,MICO360,TACR5,531,TACR5
75,MICO500,TACR1,1437,TACR1
75,TACR1,DACL60,629,DACL60
75,TACR1,MICO180,634,MICO180
75,TACR1,MICO360,1525,MICO360
75,TACR1,TACR5,1526,TACR5
75,TACR5,MICO360,1834,MICO360
75,TACR5,TACR1,1775,TACR1
76,AZAT50,CICLOSP100,2420,CICLOSP100
76,AZAT50,TACR1,4920,TACR1
76,CICLOSP100,CICLOSP50,2453,CICLOSP50
76,CICLOSP25,CICLOSP50,4788,CICLOSP50
76,MICO180,MICO360,3327,MICO360
76,MICO360,TACR1,18285,TACR1
76,MICO500,TACR1,4806,TACR1
76,TACR1,MICO360,4336,MICO360
76,TACR1,TACR5,3494,TACR5
76,TACR5,MICO360,5416,MICO360
77,LAMO100,QUET100,1058,QUET100
77,LAMO100,QUET200,516,QUET200
77,OLAN10,OLAN5,1471,OLAN5
77,OLAN5,OLAN10,683,OLAN10
77,QUET100,LAMO100,407,LAMO100
77,QUET100,QUET200,2933,QUET200
77,QUET100,QUET25,1184,QUET25
77,QUET200,QUET100,810,QUET100
77,QUET25,QUET100,970,QUET100
77,RISP1,RISP2,455,RISP2
78,CLOZ100,CLOZ25,56,CLOZ25
78,OLAN10,OLAN5,527,OLAN5
78,OLAN10,QUET100,56,QUET100
78,OLAN5,OLAN10,241,OLAN10
78,QUET100,QUET200,529,QUET200
78,QUET100,QUET25,179,QUET25
78,QUET200,QUET100,163,QUET100
78,QUET25,QUET100,235,QUET100
78,RISP1,RISP2,144,RISP2
78,RISP2,RISP1,55,RISP1
78,ZIPR40,ZIPR80,82,ZIPR80
79,AZAT50,ADAL40,54,ADAL40
79,AZAT50,CICLOSP100,150,CICLOSP100
79,AZAT50,CICLOSP50,102,CICLOSP50
79,CICLOSP100,AZAT50,133,AZAT50
79,CICLOSP100,CICLOSP25,95,CICLOSP25
79,CICLOSP100,CICLOSP50,303,CICLOSP50
79,CICLOSP25,CICLOSP50,87,CICLOSP50
79,CICLOSP50,AZAT50,96,AZAT50
79,CICLOSP50,CICLOSP100,143,CICLOSP100
79,CICLOSP50,CICLOSP25,76,CICLOSP25
80,SACA1005,ALFA025,60,ALFA025
80,SACA1005,ALFA2000,236,ALFA2000
80,SACA1005,ALFA3000,249,ALFA3000
80,SACA1005,ALFA4000,1089,ALFA4000
80,SACA1005,ATOR10,82,ATOR10
80,SACA1005,ATOR20,77,ATOR20
80,SACA1005,AZAT50,104,AZAT50
80,SACA1005,CALC025,498,CALC025
80,SACA1005,CALC10,187,CALC10
80,SACA1005,SEVE800,965,SEVE800
81,ALFA4000,CALC025,4,CALC025
81,ALFA4000,SACA1005,13,SACA1005
81,CALC025,ALFA4000,5,ALFA4000
81,CALC025,SACA1005,5,SACA1005
81,INSU1003,ALFA4000,12,ALFA4000
81,INSU1003,ATOR10,7,ATOR10
81,INSU1003,ATOR20,37,ATOR20
81,INSU1003,ATOR40,7,ATOR40
81,INSU1003,AZAT50,3,AZAT50
81,INSU1003,BRIM205,4,BRIM205
81,INSU1003,CALC025,4,CALC025
81,INSU1003,CIPR100,3,CIPR100
81,INSU1003,DORZ205,13,DORZ205
81,INSU1003,HIDR400,4,HIDR400
81,INSU1003,LATA00525,6,LATA00525
81,INSU1003,METO25,3,METO25
81,INSU1003,QUET100,3,QUET100
81,INSU1003,QUET25,3,QUET25
81,INSU1003,RISP1,3,RISP1
81,INSU1003,SACA1005,9,SACA1005
81,INSU1003,SEVE800,4,SEVE800
81,INSU1003,TIMO505,11,TIMO505
82,LARO0585,LARO0585,9,LARO0585
83,IDUR23,IDUR23,3,IDUR23
84,SOMA12,ISOT20,203,ISOT20
84,SOMA12,LEUP1125,748,LEUP1125
84,SOMA12,LEUP375,819,LEUP375
84,SOMA12,SOMA4,11829,SOMA4
84,SOMA12,TRIP375,166,TRIP375
84,SOMA4,DESM0125,218,DESM0125
84,SOMA4,LEUP1125,436,LEUP1125
84,SOMA4,LEUP375,727,LEUP375
84,SOMA4,SOMA12,13942,SOMA12
84,SOMA4,TRIP375,181,TRIP375
85,LEVO100,ATOR20,713,ATOR20
85,LEVO100,LEVO25,1548,LEVO25
85,LEVO100,LEVO50,719,LEVO50
85,LEVO100,SINV20,650,SINV20
85,LEVO25,ATOR20,924,ATOR20
85,LEVO25,LEVO100,741,LEVO100
85,LEVO25,LEVO50,1796,LEVO50
85,LEVO25,SINV20,645,SINV20
85,LEVO50,LEVO100,772,LEVO100
85,LEVO50,LEVO25,779,LEVO25
86,DONE10,DONE5,11815,DONE5
86,DONE10,QUET25,6161,QUET25
86,DONE5,DONE10,43690,DONE10
86,DONE5,QUET25,4403,QUET25
86,GALA16,GALA24,17259,GALA24
86,GALA8,GALA16,20979,GALA16
86,RIVA15,RIVA3,31007,RIVA3
86,RIVA3,RIVA45,21940,RIVA45
86,RIVA3,RIVA6,4086,RIVA6
86,RIVA45,RIVA6,14223,RIVA6
87,BIMA033,BRIM205,14530,BRIM205
87,BIMA033,TIMO505,13902,TIMO505
87,BRIM205,DORZ205,20101,DORZ205
87,BRIM205,TIMO505,28098,TIMO505
87,BRIN105,TIMO505,12230,TIMO505
87,DORZ205,LATA00525,10200,LATA00525
87,DORZ205,TIMO505,35010,TIMO505
87,LATA00525,TIMO505,28468,TIMO505
87,TIMO505,BRIM205,8337,BRIM205
87,TIMO505,TRAV00425,47080,TRAV00425
